committee_name,support_oppose_indicator,candidate_name,candidate_party,expenditure_amount,expenditure_description,expenditure_date,report_year
LCV VICTORY FUND,O,"TRUMP, DONALD J",REP,3628.0,DIGITAL AD PRODUCTION,2020-07-17 00:00:00,2020
LCV VICTORY FUND,S,"BIDEN, JOSEPH R JR",DEM,22.79,STAFF TIME FOR PRESS RELEASE (VIA DRAWDOWN),2020-10-22 00:00:00,2020
LCV VICTORY FUND,O,"COLLINS, SUSAN M",REP,87702.49,MAILER & POSTAGE,2020-09-16 00:00:00,2020
LCV VICTORY FUND,S,"BIDEN, JOSEPH R JR",DEM,22.79,STAFF TIME FOR PRESS RELEASE (VIA DRAWDOWN),2020-10-06 00:00:00,2020
LCV VICTORY FUND,O,"ERNST, JONI K",REP,516372.78,MAILER & POSTAGE,2020-10-06 00:00:00,2020
LCV VICTORY FUND,O,"TRUMP, DONALD J",REP,200.0,CONSULTING - ONLINE MESSAGING,2020-09-25 00:00:00,2020
LCV VICTORY FUND,O,"TRUMP, DONALD J",REP,34.18,STAFF TIME FOR PRESS RELEASE (VIA DRAWDOWN),2020-04-10 00:00:00,2020
LCV VICTORY FUND,O,"RICHTER, DAVID",REP,15.19,STAFF TIME FOR PRESS RELEASE (VIA DRAWDOWN),2020-09-08 00:00:00,2020
LCV VICTORY FUND,O,"TRUMP, DONALD J",REP,30853.53,MAILER & POSTAGE,2020-10-02 00:00:00,2020
LCV VICTORY FUND,S,"BIDEN, JOSEPH R JR",DEM,136.71,STAFF TIME FOR PRESS RELEASE (VIA DRAWDOWN),2020-07-31 00:00:00,2020
LCV VICTORY FUND,O,"HUDSON, RICHARD L. JR.",REP,36.86,STAFF TIME AND EMAILS FOR ONLINE MESSAGE (VIA DRAWDOWN),2020-10-27 00:00:00,2020
LCV VICTORY FUND,O,"RICHTER, DAVID",REP,682.5,RESEARCH SERVICES,2020-09-08 00:00:00,2020
LCV VICTORY FUND,O,"TRUMP, DONALD J",REP,98000.0,DIGITAL AD PRODUCTION,2020-10-08 00:00:00,2020
LCV VICTORY FUND,O,"TRUMP, DONALD J",REP,103.63,STAFF TIME FOR PRESS RELEASE (VIA DRAWDOWN),2020-05-18 00:00:00,2020
LCV VICTORY FUND,S,"GREENFIELD, THERESA",DEM,61060.23,MAILER & POSTAGE,2020-10-14 00:00:00,2020
LCV VICTORY FUND,O,"TRUMP, DONALD J",REP,629.34,STAFF TIME AND TEXTS FOR MOBILE ALERT (VIA DRAWDOWN),2020-10-14 00:00:00,2020
LCV VICTORY FUND,O,"GARBARINO, ANDREW",REP,3200.0,INKIND: POLLING,2020-10-16 00:00:00,2020
LCV VICTORY FUND,O,"TRUMP, DONALD J",REP,47158.97,DIGITAL AD PRODUCTION,2020-06-23 00:00:00,2020
LCV VICTORY FUND,S,"GIDEON, SARA",DEM,4974.73,TELEPHONE SERVICES,2020-10-06 00:00:00,2020
LCV VICTORY FUND,O,"JUNGE, PAUL",REP,5917.94,TV AD PRODUCTION,2020-09-22 00:00:00,2020
LCV VICTORY FUND,O,"TRUMP, DONALD J",REP,250.0,DIGITAL AD PRODUCTION & BUY,2020-10-23 00:00:00,2020
LCV VICTORY FUND,O,"COLLINS, SUSAN M",REP,266.67,CONSULTING - ONLINE MESSAGING,2020-08-31 00:00:00,2020
LCV VICTORY FUND,O,"TRUMP, DONALD J",REP,150947.55,MAILER & POSTAGE,2020-07-17 00:00:00,2020
LCV VICTORY FUND,O,"ERNST, JONI K",REP,75.95,STAFF TIME AND EMAILS FOR ONLINE MESSAGE (VIA DRAWDOWN),2020-08-31 00:00:00,2020
LCV VICTORY FUND,O,"TRUMP, DONALD J",REP,1373.0,DIGITAL AD PRODUCTION,2020-05-13 00:00:00,2020
LCV VICTORY FUND,O,"TRUMP, DONALD J",REP,5130.7,DIGITAL AD PRODUCTION,2020-06-15 00:00:00,2020
LCV VICTORY FUND,O,"TRUMP, DONALD J",REP,11058.0,DIGITAL AD PRODUCTION,2020-10-13 00:00:00,2020
LCV VICTORY FUND,S,"GORDON, JACQUELINE",DEM,9.11,STAFF TIME FOR PRESS RELEASE (VIA DRAWDOWN),2020-10-14 00:00:00,2020
LCV VICTORY FUND,S,"WARNOCK, RAPHAEL",DEM,149.99,STAFF TIME AND EMAILS FOR ONLINE MESSAGE (VIA DRAWDOWN),2020-12-07 00:00:00,2020
LCV VICTORY FUND,S,"MUCARSEL-POWELL, DEBBIE",DEM,9.11,STAFF TIME FOR PRESS RELEASE (VIA DRAWDOWN),2020-10-14 00:00:00,2020
LCV VICTORY FUND,S,"KELLY, MARK",DEM,196281.5,FIELD CANVASS CONSULTING,2020-09-15 00:00:00,2020
LCV VICTORY FUND,O,"TRUMP, DONALD J",REP,18500.0,SURVEY RESEARCH,2020-10-06 00:00:00,2020
LCV VICTORY FUND,O,"DAINES, STEVE",REP,986115.0,TV AD BUY,2020-08-12 00:00:00,2020
LCV VICTORY FUND,O,"JUNGE, PAUL",REP,507.81,RESEARCH SERVICES,2020-09-03 00:00:00,2020
LCV VICTORY FUND,O,"TRUMP, DONALD J",REP,50000.0,DIGITAL AD PRODUCTION & BUY,2020-10-13 00:00:00,2020
LCV VICTORY FUND,O,"TRUMP, DONALD J",REP,7348.0,DIGITAL AD PRODUCTION,2020-06-12 00:00:00,2020
LCV VICTORY FUND,S,"TIMMONS-GOODSON, PATRICIA",DEM,9.11,STAFF TIME FOR PRESS RELEASE (VIA DRAWDOWN),2020-10-14 00:00:00,2020
LCV VICTORY FUND,O,"TRUMP, DONALD J",REP,145830.05,MAILER & POSTAGE,2020-05-27 00:00:00,2020
LCV VICTORY FUND,O,"SULLIVAN, DAN",REP,304.83,STAFF TIME AND EMAILS FOR ONLINE MESSAGE (VIA DRAWDOWN),2020-10-20 00:00:00,2020
LCV VICTORY FUND,O,"RICHTER, DAVID",REP,43220.0,DIGITAL AD BUY,2020-10-22 00:00:00,2020
LCV VICTORY FUND,O,"TRUMP, DONALD J",REP,15916.33,DIGITAL AD PRODUCTION,2020-07-16 00:00:00,2020
LCV VICTORY FUND,O,"TRUMP, DONALD J",REP,800.0,CONSULTING - ONLINE MESSAGING,2020-09-15 00:00:00,2020
LCV VICTORY FUND,S,"GROSS, AL DR.",IND,50000.0,DIGITAL AD PRODUCTION & BUY,2020-10-20 00:00:00,2020
LCV VICTORY FUND,O,"GONZALES, ERNEST ANTHONY TONY",REP,180.55,RESEARCH SERVICES,2020-10-14 00:00:00,2020
LCV VICTORY FUND,O,"TRUMP, DONALD J",REP,181137.06,MAILER & POSTAGE,2020-06-23 00:00:00,2020
LCV VICTORY FUND,S,"HARRISON, JAIME",DEM,11596.59,TELEPHONE SERVICES,2020-10-14 00:00:00,2020
LCV VICTORY FUND,S,"BIDEN, JOSEPH R JR",DEM,375000.0,DIGITAL AD BUY,2020-10-13 00:00:00,2020
LCV VICTORY FUND,O,"VAN DUYNE, ELIZABETH ANN",REP,500000.0,TV AD BUY,2020-10-08 00:00:00,2020
LCV VICTORY FUND,O,"COLLINS, SUSAN M",REP,800.0,CONSULTING - ONLINE MESSAGING,2020-10-09 00:00:00,2020
LCV VICTORY FUND,O,"SULLIVAN, DAN",REP,319.89,STAFF TIME AND EMAILS FOR ONLINE MESSAGE (VIA DRAWDOWN),2020-10-18 00:00:00,2020
LCV VICTORY FUND,O,"TRUMP, DONALD J",REP,33.96,STAFF TIME AND RESOURCES FOR PRESS RELEASE (VIA DRAWDOWN),2020-02-20 00:00:00,2020
LCV VICTORY FUND,O,"TRUMP, DONALD J",REP,1933.0,DIGITAL AD PRODUCTION,2020-05-15 00:00:00,2020
LCV VICTORY FUND,S,"GREENFIELD, THERESA",DEM,121508.0,FIELD CANVASS CONSULTING,2020-09-15 00:00:00,2020
LCV VICTORY FUND,O,"TRUMP, DONALD J",REP,79906.6,MAILER & POSTAGE,2020-07-02 00:00:00,2020
LCV VICTORY FUND,O,"TRUMP, DONALD J",REP,10244.23,DIGITAL AD PRODUCTION,2020-06-22 00:00:00,2020
LCV VICTORY FUND,O,"ERNST, JONI K",REP,82.02,STAFF TIME AND EMAILS FOR ONLINE MESSAGE (VIA DRAWDOWN),2020-09-27 00:00:00,2020
LCV VICTORY FUND,S,"CUNNINGHAM, JOE",DEM,22.79,STAFF TIME FOR PRESS RELEASE (VIA DRAWDOWN),2020-10-12 00:00:00,2020
LCV VICTORY FUND,O,"TILLIS, THOM R",REP,45.35,STAFF TIME AND EMAILS FOR ONLINE MESSAGE (VIA DRAWDOWN),2020-08-10 00:00:00,2020
LCV VICTORY FUND,O,"GARBARINO, ANDREW",REP,46189.48,MAILER & POSTAGE,2020-10-21 00:00:00,2020
LCV VICTORY FUND,O,"GIMENEZ, CARLOS",REP,17250.0,INKIND: POLLING,2020-10-13 00:00:00,2020
LCV VICTORY FUND,O,"GIMENEZ, CARLOS",REP,4800.0,TV AD PRODUCTION,2020-10-16 00:00:00,2020
LCV VICTORY FUND,O,"TRUMP, DONALD J",REP,91.14,STAFF TIME FOR PRESS RELEASE (VIA DRAWDOWN),2020-06-26 00:00:00,2020
LCV VICTORY FUND,O,"TRUMP, DONALD J",REP,3500.0,DIGITAL AD PRODUCTION,2020-05-18 00:00:00,2020
LCV VICTORY FUND,O,"TRUMP, DONALD J",REP,9900.2,DIGITAL AD PRODUCTION,2020-08-04 00:00:00,2020
LCV VICTORY FUND,O,"ERNST, JONI K",REP,301.28,STAFF TIME AND EMAILS FOR ONLINE MESSAGE (VIA DRAWDOWN),2020-10-28 00:00:00,2020
LCV VICTORY FUND,O,"TILLIS, THOM R",REP,1895.83,RESEARCH SERVICES,2020-10-15 00:00:00,2020
LCV VICTORY FUND,O,"TRUMP, DONALD J",REP,220.64,STAFF TIME AND EMAILS FOR ONLINE MESSAGE (VIA DRAWDOWN),2020-09-30 00:00:00,2020
LCV VICTORY FUND,O,"TRUMP, DONALD J",REP,22.79,STAFF TIME FOR PRESS RELEASE (VIA DRAWDOWN),2020-10-19 00:00:00,2020
LCV VICTORY FUND,O,"TRUMP, DONALD J",REP,6700.0,DIGITAL AD PRODUCTION & BUY (ESTIMATE),2020-08-04 00:00:00,2020
LCV VICTORY FUND,O,"TRUMP, DONALD J",REP,800.0,CONSULTING - ONLINE MESSAGING,2020-08-14 00:00:00,2020
LCV VICTORY FUND,O,"TRUMP, DONALD J",REP,181137.06,MAILER & POSTAGE,2020-07-13 00:00:00,2020
LCV VICTORY FUND,S,"GREENFIELD, THERESA",DEM,25775.8,TELEPHONE SERVICES,2020-10-19 00:00:00,2020
LCV VICTORY FUND,O,"TRUMP, DONALD J",REP,13705.07,DIGITAL AD PRODUCTION,2020-07-23 00:00:00,2020
LCV VICTORY FUND,O,"RICHTER, DAVID",REP,361.11,RESEARCH SERVICES,2020-10-19 00:00:00,2020
LCV VICTORY FUND,O,"TILLIS, THOM R",REP,650.0,RESEARCH SERVICES,2020-09-03 00:00:00,2020
LCV VICTORY FUND,S,"BIDEN, JOSEPH R JR",DEM,89478.13,TELEPHONE SERVICES,2020-09-22 00:00:00,2020
LCV VICTORY FUND,S,"BIDEN, JOSEPH R JR",DEM,83373.0,FIELD CANVASS CONSULTING,2020-10-16 00:00:00,2020
LCV VICTORY FUND,O,"TRUMP, DONALD J",REP,200.0,CONSULTING - ONLINE MESSAGING,2020-09-30 00:00:00,2020
LCV VICTORY FUND,S,"WARNOCK, RAPHAEL",DEM,68617.6,DIGITAL AD PRODUCTION & BUY,2020-12-18 00:00:00,2020
LCV VICTORY FUND,O,"TRUMP, DONALD J",REP,45.57,STAFF TIME FOR PRESS RELEASE (VIA DRAWDOWN),2020-09-14 00:00:00,2020
LCV VICTORY FUND,O,"TRUMP, DONALD J",REP,4120.0,DIGITAL AD PRODUCTION,2020-06-15 00:00:00,2020
LCV VICTORY FUND,S,"BIDEN, JOSEPH R JR",DEM,79223.37,MAILER & POSTAGE,2020-10-07 00:00:00,2020
LCV VICTORY FUND,O,"MCSALLY, MARTHA",REP,14170.03,TV AD PRODUCTION,2020-07-07 00:00:00,2020
LCV VICTORY FUND,O,"TILLIS, THOM R",REP,100.0,CONSULTING - ONLINE MESSAGING,2020-09-29 00:00:00,2020
LCV VICTORY FUND,O,"TRUMP, DONALD J",REP,210.9,STAFF TIME AND EMAILS FOR ONLINE MESSAGE (VIA DRAWDOWN),2020-09-28 00:00:00,2020
LCV VICTORY FUND,O,"BOEBERT, LAUREN",REP,361.11,RESEARCH SERVICES,2020-10-19 00:00:00,2020
LCV VICTORY FUND,O,"TRUMP, DONALD J",REP,32340.53,DIGITAL AD PRODUCTION,2020-07-23 00:00:00,2020
LCV VICTORY FUND,S,"BIDEN, JOSEPH R JR",DEM,126639.84,MAILER & POSTAGE,2020-08-04 00:00:00,2020
LCV VICTORY FUND,S,"GREENFIELD, THERESA",DEM,812.5,RESEARCH SERVICES,2020-10-11 00:00:00,2020
LCV VICTORY FUND,O,"COLLINS, SUSAN M",REP,812.5,RESEARCH SERVICES,2020-10-19 00:00:00,2020
LCV VICTORY FUND,S,"CISNEROS, JESSICA",DEM,45.57,STAFF TIME AND RESOURCES FOR PRESS RELEASE (VIA DRAWDOWN),2020-02-28 00:00:00,2020
LCV VICTORY FUND,O,"TRUMP, DONALD J",REP,210.9,STAFF TIME AND EMAILS FOR ONLINE MESSAGE (VIA DRAWDOWN),2020-09-18 00:00:00,2020
LCV VICTORY FUND,O,"HERRELL, STELLA YVETTE",REP,5457.12,TV AD PRODUCTION,2020-10-27 00:00:00,2020
LCV VICTORY FUND,S,"CUNNINGHAM, CAL",DEM,30000.0,DIGITAL AD PRODUCTION & BUY,2020-10-20 00:00:00,2020
LCV VICTORY FUND,O,"DAINES, STEVE",REP,1150013.0,TV AD BUY,2020-10-22 00:00:00,2020
LCV VICTORY FUND,O,"TRUMP, DONALD J",REP,22019.47,DIGITAL AD PRODUCTION,2020-06-05 00:00:00,2020
LCV VICTORY FUND,S,"BULLOCK, STEVE",DEM,11756.25,TELEPHONE SERVICES,2020-09-22 00:00:00,2020
LCV VICTORY FUND,O,"HERRELL, STELLA YVETTE",REP,14447.59,TV AD PRODUCTION,2020-09-23 00:00:00,2020
LCV VICTORY FUND,S,"BULLOCK, STEVE",DEM,52131.0,DIGITAL AD PRODUCTION & BUY,2020-10-23 00:00:00,2020
LCV VICTORY FUND,O,"TRUMP, DONALD J",REP,3177.0,DIGITAL AD PRODUCTION & BUY,2020-07-31 00:00:00,2020
LCV VICTORY FUND,S,"GIDEON, SARA",DEM,102814.0,FIELD CANVASS CONSULTING,2020-09-15 00:00:00,2020
LCV VICTORY FUND,O,"ERNST, JONI K",REP,1989548.0,TV AD BUY,2020-09-21 00:00:00,2020
LCV VICTORY FUND,O,"TRUMP, DONALD J",REP,1827.45,DIGITAL AD PRODUCTION,2020-08-04 00:00:00,2020
LCV VICTORY FUND,O,"MACE, NANCY",REP,303875.0,TV AD BUY,2020-09-08 00:00:00,2020
LCV VICTORY FUND,O,"BOEBERT, LAUREN",REP,489940.0,TV AD BUY,2020-10-20 00:00:00,2020
LCV VICTORY FUND,S,"BULLOCK, STEVE",DEM,65000.0,FIELD CANVASS CONSULTING,2020-10-28 00:00:00,2020
LCV VICTORY FUND,O,"RICHTER, DAVID",REP,22164.0,DIGITAL AD BUY,2020-09-11 00:00:00,2020
LCV VICTORY FUND,S,"BIDEN, JOSEPH R JR",DEM,3139.0,DIGITAL AD PRODUCTION,2020-07-17 00:00:00,2020
LCV VICTORY FUND,O,"DAINES, STEVE",REP,45.35,STAFF TIME AND EMAILS FOR ONLINE MESSAGE (VIA DRAWDOWN),2020-08-10 00:00:00,2020
LCV VICTORY FUND,O,"TRUMP, DONALD J",REP,200.0,CONSULTING - ONLINE MESSAGING,2020-10-02 00:00:00,2020
LCV VICTORY FUND,O,"TRUMP, DONALD J",REP,879.75,STAFF TIME AND EMAILS FOR ONLINE MESSAGE (VIA DRAWDOWN),2020-05-19 00:00:00,2020
LCV VICTORY FUND,O,"GIMENEZ, CARLOS",REP,704990.0,TV AD BUY,2020-10-07 00:00:00,2020
LCV VICTORY FUND,S,"GREENFIELD, THERESA",DEM,112500.0,DIGITAL AD PRODUCTION & BUY,2020-10-19 00:00:00,2020
LCV VICTORY FUND,O,"JAMES, JOHN",REP,340852.0,RADIO AD BUY,2020-10-13 00:00:00,2020
LCV VICTORY FUND,S,"BULLOCK, STEVE",DEM,42793.05,MAILER & POSTAGE,2020-10-27 00:00:00,2020
LCV VICTORY FUND,S,"BIDEN, JOSEPH R JR",DEM,60089.0,DIGITAL AD PRODUCTION & BUY,2020-10-02 00:00:00,2020
LCV VICTORY FUND,S,"GIDEON, SARA",DEM,77111.0,FIELD CANVASS CONSULTING,2020-10-06 00:00:00,2020
LCV VICTORY FUND,O,"FREITAS, NICK J",REP,281435.0,TV AD BUY,2020-09-22 00:00:00,2020
LCV VICTORY FUND,O,"TRUMP, DONALD J",REP,35123.25,DIGITAL AD PRODUCTION,2020-05-15 00:00:00,2020
LCV VICTORY FUND,O,"DAINES, STEVE",REP,36.41,STAFF TIME AND EMAILS FOR ONLINE MESSAGE (VIA DRAWDOWN),2020-10-27 00:00:00,2020
LCV VICTORY FUND,O,"TRUMP, DONALD J",REP,1546.41,STAFF TIME AND EMAILS FOR ONLINE MESSAGES (VIA DRAWDOWN),2020-05-18 00:00:00,2020
LCV VICTORY FUND,O,"RICHTER, DAVID",REP,43220.0,DIGITAL AD BUY,2020-10-15 00:00:00,2020
LCV VICTORY FUND,O,"TRUMP, DONALD J",REP,1354.17,RESEARCH SERVICES,2020-05-15 00:00:00,2020
LCV VICTORY FUND,S,"BIDEN, JOSEPH R JR",DEM,86500.0,DIGITAL AD PRODUCTION & BUY,2020-10-13 00:00:00,2020
LCV VICTORY FUND,O,"GIMENEZ, CARLOS",REP,10950.0,INKIND: POLLING,2020-10-12 00:00:00,2020
LCV VICTORY FUND,O,"MACE, NANCY",REP,15.19,STAFF TIME FOR PRESS RELEASE (VIA DRAWDOWN),2020-09-08 00:00:00,2020
LCV VICTORY FUND,O,"TRUMP, DONALD J",REP,67.56,STAFF TIME FOR PRESS RELEASE (VIA DRAWDOWN),2020-08-27 00:00:00,2020
LCV VICTORY FUND,O,"RICHTER, DAVID",REP,43220.0,DIGITAL AD BUY,2020-10-08 00:00:00,2020
LCV VICTORY FUND,S,"GIDEON, SARA",DEM,50000.0,DIGITAL AD PRODUCTION & BUY,2020-10-21 00:00:00,2020
LCV VICTORY FUND,O,"TRUMP, DONALD J",REP,227552.21,MAILER & POSTAGE,2020-05-27 00:00:00,2020
LCV VICTORY FUND,O,"GARBARINO, ANDREW",REP,43418.89,MAILER & POSTAGE,2020-10-16 00:00:00,2020
LCV VICTORY FUND,O,"DAINES, STEVE",REP,600.0,CONSULTING - ONLINE MESSAGING,2020-10-23 00:00:00,2020
LCV VICTORY FUND,O,"TRUMP, DONALD J",REP,3250.0,RESEARCH SERVICES,2020-10-08 00:00:00,2020
LCV VICTORY FUND,O,"JUNGE, PAUL",REP,14800.0,INKIND: POLLING,2020-09-22 00:00:00,2020
LCV VICTORY FUND,S,"BIDEN, JOSEPH R JR",DEM,5000.0,DIGITAL AD BUY,2020-10-20 00:00:00,2020
LCV VICTORY FUND,O,"TRUMP, DONALD J",REP,46000.0,SURVEY RESEARCH,2020-05-01 00:00:00,2020
LCV VICTORY FUND,O,"TRUMP, DONALD J",REP,66.26,STAFF TIME AND TEXTS FOR MOBILE ALERT (VIA DRAWDOWN),2020-05-18 00:00:00,2020
LCV VICTORY FUND,S,"BIDEN, JOSEPH R JR",DEM,37782.24,TELEPHONE SERVICES,2020-10-19 00:00:00,2020
LCV VICTORY FUND,S,"GREENFIELD, THERESA",DEM,8490.63,TELEPHONE SERVICES,2020-09-22 00:00:00,2020
LCV VICTORY FUND,O,"ERNST, JONI K",REP,600.0,CONSULTING - ONLINE MESSAGING,2020-10-28 00:00:00,2020
LCV VICTORY FUND,O,"TRUMP, DONALD J",REP,687.0,DIGITAL AD PRODUCTION,2020-05-13 00:00:00,2020
LCV VICTORY FUND,S,"GREENFIELD, THERESA",DEM,112000.0,DIGITAL AD PRODUCTION & BUY,2020-10-23 00:00:00,2020
LCV VICTORY FUND,O,"TRUMP, DONALD J",REP,34000.0,DATA ANALYTICS SERVICES,2020-05-12 00:00:00,2020
LCV VICTORY FUND,O,"DAINES, STEVE",REP,1787.5,RESEARCH SERVICES,2020-08-13 00:00:00,2020
LCV VICTORY FUND,S,"GREENFIELD, THERESA",DEM,812.5,RESEARCH SERVICES,2020-10-19 00:00:00,2020
LCV VICTORY FUND,S,"GREENFIELD, THERESA",DEM,50000.0,DIGITAL AD PRODUCTION & BUY,2020-10-13 00:00:00,2020
LCV VICTORY FUND,O,"TILLIS, THOM R",REP,41.93,STAFF TIME AND EMAILS FOR ONLINE MESSAGE (VIA DRAWDOWN),2020-10-28 00:00:00,2020
LCV VICTORY FUND,O,"TRUMP, DONALD J",REP,9143.02,MAILER & POSTAGE,2020-09-24 00:00:00,2020
LCV VICTORY FUND,O,"GARDNER, CORY",REP,8.17,STAFF TIME AND EMAILS FOR ONLINE MESSAGE (VIA DRAWDOWN),2020-08-06 00:00:00,2020
LCV VICTORY FUND,S,"BIDEN, JOSEPH R JR",DEM,136168.64,MAILER & POSTAGE,2020-10-27 00:00:00,2020
LCV VICTORY FUND,O,"ERNST, JONI K",REP,210.9,STAFF TIME AND EMAILS FOR ONLINE MESSAGE (VIA DRAWDOWN),2020-09-24 00:00:00,2020
LCV VICTORY FUND,O,"JAMES, JOHN",REP,812.5,RESEARCH SERVICES,2020-10-14 00:00:00,2020
LCV VICTORY FUND,O,"VAN DUYNE, ELIZABETH ANN",REP,10.0,STAFF TIME FOR PRESS RELEASE (VIA DRAWDOWN),2020-09-18 00:00:00,2020
LCV VICTORY FUND,O,"ERNST, JONI K",REP,800.0,CONSULTING - ONLINE MESSAGING,2020-09-24 00:00:00,2020
LCV VICTORY FUND,O,"TRUMP, DONALD J",REP,200.0,CONSULTING - ONLINE MESSAGING,2020-09-28 00:00:00,2020
LCV VICTORY FUND,O,"MCSALLY, MARTHA",REP,160.0,CONSULTING - ONLINE MESSAGING,2020-08-10 00:00:00,2020
LCV VICTORY FUND,O,"HERRELL, STELLA YVETTE",REP,312757.5,TV AD BUY,2020-09-15 00:00:00,2020
LCV VICTORY FUND,O,"TILLIS, THOM R",REP,500000.0,DIGITAL AD PRODUCTION & BUY,2020-10-19 00:00:00,2020
LCV VICTORY FUND,O,"DAINES, STEVE",REP,160.0,CONSULTING - ONLINE MESSAGING,2020-08-10 00:00:00,2020
LCV VICTORY FUND,S,"OSSOFF, T. JONATHAN",DEM,68617.6,DIGITAL AD PRODUCTION & BUY,2020-12-18 00:00:00,2020
LCV VICTORY FUND,O,"TRUMP, DONALD J",REP,66899.04,DIGITAL AD PRODUCTION,2020-05-29 00:00:00,2020
LCV VICTORY FUND,O,"GIMENEZ, CARLOS",REP,361.11,RESEARCH SERVICES,2020-10-19 00:00:00,2020
LCV VICTORY FUND,O,"JAMES, JOHN",REP,75.0,CONSULTING - ONLINE MESSAGING,2020-08-18 00:00:00,2020
LCV VICTORY FUND,O,"JAMES, JOHN",REP,45.35,STAFF TIME AND EMAILS FOR ONLINE MESSAGE (VIA DRAWDOWN),2020-08-10 00:00:00,2020
LCV VICTORY FUND,O,"TRUMP, DONALD J",REP,1244.82,STAFF TIME AND TEXTS FOR MOBILE ALERT (VIA DRAWDOWN),2020-05-18 00:00:00,2020
LCV VICTORY FUND,O,"TRUMP, DONALD J",REP,391.02,FLYER PRINTING,2020-02-28 00:00:00,2020
LCV VICTORY FUND,O,"JAMES, JOHN",REP,160.0,CONSULTING - ONLINE MESSAGING,2020-08-10 00:00:00,2020
LCV VICTORY FUND,O,"JAMES, JOHN",REP,1511.04,RADIO AD PRODUCTION,2020-10-14 00:00:00,2020
LCV VICTORY FUND,O,"ROSENDALE, MATT MR.",REP,22.79,STAFF TIME FOR PRESS RELEASE (VIA DRAWDOWN),2020-10-13 00:00:00,2020
LCV VICTORY FUND,O,"TRUMP, DONALD J",REP,100.0,CONSULTING - ONLINE MESSAGING,2020-10-02 00:00:00,2020
LCV VICTORY FUND,O,"TRUMP, DONALD J",REP,8125.0,RESEARCH SERVICES,2020-06-22 00:00:00,2020
LCV VICTORY FUND,O,"RICHTER, DAVID",REP,7500.0,DIGITAL AD PRODUCTION,2020-09-04 00:00:00,2020
LCV VICTORY FUND,O,"TRUMP, DONALD J",REP,79842.8,MAILER & POSTAGE,2020-07-07 00:00:00,2020
LCV VICTORY FUND,S,"HARRISON, JAIME",DEM,11596.59,TELEPHONE SERVICES,2020-10-19 00:00:00,2020
LCV VICTORY FUND,O,"MCSALLY, MARTHA",REP,810.0,DIGITAL AD PRODUCTION & BUY (ESTIMATE),2020-05-28 00:00:00,2020
LCV VICTORY FUND,O,"COLLINS, SUSAN M",REP,127500.0,DIGITAL AD PRODUCTION & BUY,2020-10-15 00:00:00,2020
LCV VICTORY FUND,O,"DAINES, STEVE",REP,322.76,STAFF TIME AND EMAILS FOR ONLINE MESSAGE (VIA DRAWDOWN),2020-10-25 00:00:00,2020
LCV VICTORY FUND,O,"DAINES, STEVE",REP,332.4,STAFF TIME AND EMAILS FOR ONLINE MESSAGE (VIA DRAWDOWN),2020-10-23 00:00:00,2020
LCV VICTORY FUND,O,"ERNST, JONI K",REP,800.0,CONSULTING - ONLINE MESSAGING,2020-10-02 00:00:00,2020
LCV VICTORY FUND,O,"HERRELL, STELLA YVETTE",REP,243.75,RESEARCH SERVICES,2020-09-22 00:00:00,2020
LCV VICTORY FUND,O,"TRUMP, DONALD J",REP,80308.44,MAILER & POSTAGE,2020-08-04 00:00:00,2020
LCV VICTORY FUND,S,"BIDEN, JOSEPH R JR",DEM,126741.96,MAILER & POSTAGE,2020-08-05 00:00:00,2020
LCV VICTORY FUND,O,"TRUMP, DONALD J",REP,8079.5,DIGITAL AD PRODUCTION,2020-05-15 00:00:00,2020
LCV VICTORY FUND,O,"TRUMP, DONALD J",REP,800.0,CONSULTING - ONLINE MESSAGING,2020-08-21 00:00:00,2020
LCV VICTORY FUND,O,"TRUMP, DONALD J",REP,30.0,STAFF TIME FOR PRESS RELEASE (VIA DRAWDOWN),2020-09-29 00:00:00,2020
LCV VICTORY FUND,O,"TRUMP, DONALD J",REP,60000.0,DATA ANALYTICS SERVICES,2020-05-18 00:00:00,2020
LCV VICTORY FUND,O,"COLLINS, SUSAN M",REP,210.9,STAFF TIME AND EMAILS FOR ONLINE MESSAGE (VIA DRAWDOWN),2020-09-08 00:00:00,2020
LCV VICTORY FUND,S,"BIDEN, JOSEPH R JR",DEM,61060.23,MAILER & POSTAGE,2020-10-14 00:00:00,2020
LCV VICTORY FUND,O,"TRUMP, DONALD J",REP,4120.0,DIGITAL AD PRODUCTION,2020-05-13 00:00:00,2020
LCV VICTORY FUND,S,"BULLOCK, STEVE",DEM,43175.37,MAILER & POSTAGE,2020-10-26 00:00:00,2020
LCV VICTORY FUND,O,"TRUMP, DONALD J",REP,5000.0,FLYER DESIGN,2020-02-21 00:00:00,2020
LCV VICTORY FUND,O,"TRUMP, DONALD J",REP,257.06,STAFF TIME AND EMAILS FOR ONLINE MESSAGE (VIA DRAWDOWN),2020-09-07 00:00:00,2020
LCV VICTORY FUND,O,"DAINES, STEVE",REP,1625.0,RESEARCH SERVICES,2020-08-13 00:00:00,2020
LCV VICTORY FUND,O,"HERRELL, STELLA YVETTE",REP,361.11,RESEARCH SERVICES,2020-10-19 00:00:00,2020
LCV VICTORY FUND,O,"TRUMP, DONALD J",REP,90.54,STAFF TIME AND EMAILS FOR ONLINE MESSAGE & SOCIAL MEDIA (VIA DRAWDOWN),2020-06-23 00:00:00,2020
LCV VICTORY FUND,S,"BIDEN, JOSEPH R JR",DEM,5946.7,DIGITAL AD PRODUCTION,2020-09-01 00:00:00,2020
LCV VICTORY FUND,O,"TRUMP, DONALD J",REP,91.14,STAFF TIME FOR PRESS RELEASE (VIA DRAWDOWN),2020-06-25 00:00:00,2020
LCV VICTORY FUND,O,"GARDNER, CORY",REP,45.35,STAFF TIME AND EMAILS FOR ONLINE MESSAGE (VIA DRAWDOWN),2020-08-10 00:00:00,2020
LCV VICTORY FUND,O,"RICHTER, DAVID",REP,28441.0,DIGITAL AD BUY,2020-10-02 00:00:00,2020
LCV VICTORY FUND,O,"GARBARINO, ANDREW",REP,8000.0,INKIND: POLLING,2020-10-19 00:00:00,2020
LCV VICTORY FUND,O,"BOEBERT, LAUREN",REP,22.79,STAFF TIME FOR PRESS RELEASE (VIA DRAWDOWN),2020-10-21 00:00:00,2020
LCV VICTORY FUND,O,"TILLIS, THOM R",REP,75.0,CONSULTING - ONLINE MESSAGING,2020-08-18 00:00:00,2020
LCV VICTORY FUND,O,"TRUMP, DONALD J",REP,294965.45,MAILER & POSTAGE,2020-06-10 00:00:00,2020
LCV VICTORY FUND,S,"BULLOCK, STEVE",DEM,168241.0,FIELD CANVASS CONSULTING,2020-09-15 00:00:00,2020
LCV VICTORY FUND,O,"ERNST, JONI K",REP,134439.62,MAILER & POSTAGE,2020-10-22 00:00:00,2020
LCV VICTORY FUND,S,"GREENFIELD, THERESA",DEM,250.0,DIGITAL AD PRODUCTION & BUY,2020-10-23 00:00:00,2020
LCV VICTORY FUND,O,"SULLIVAN, DAN",REP,650.79,STAFF TIME AND TEXTS FOR MOBILE ALERT (VIA DRAWDOWN),2020-10-20 00:00:00,2020
LCV VICTORY FUND,O,"TRUMP, DONALD J",REP,102.34,STAFF TIME FOR PRESS RELEASE (VIA DRAWDOWN),2020-10-08 00:00:00,2020
LCV VICTORY FUND,O,"ERNST, JONI K",REP,10061.0,TV AD PRODUCTION,2020-10-26 00:00:00,2020
LCV VICTORY FUND,S,"JONES, GINA ORTIZ",DEM,9.11,STAFF TIME FOR PRESS RELEASE (VIA DRAWDOWN),2020-10-14 00:00:00,2020
LCV VICTORY FUND,S,"GREENFIELD, THERESA",DEM,8140.0,TELEPHONE SERVICES,2020-10-06 00:00:00,2020
LCV VICTORY FUND,O,"TRUMP, DONALD J",REP,3235.0,DIGITAL AD PRODUCTION & BUY (ESTIMATE),2020-05-28 00:00:00,2020
LCV VICTORY FUND,S,"BIDEN, JOSEPH R JR",DEM,986614.0,TV AD BUY,2020-10-15 00:00:00,2020
LCV VICTORY FUND,S,"HARRISON, JAIME",DEM,1941.33,TEXT MESSAGING SERVICES,2020-10-19 00:00:00,2020
LCV VICTORY FUND,O,"MCSALLY, MARTHA",REP,52.06,STAFF TIME FOR PRESS RELEASE & SOCIAL MEDIA (VIA DRAWDOWN),2020-07-28 00:00:00,2020
LCV VICTORY FUND,S,"BIDEN, JOSEPH R JR",DEM,86044.5,DIGITAL AD PRODUCTION & BUY,2020-10-23 00:00:00,2020
LCV VICTORY FUND,O,"TRUMP, DONALD J",REP,210.9,STAFF TIME AND EMAILS FOR ONLINE MESSAGE (VIA DRAWDOWN),2020-09-04 00:00:00,2020
LCV VICTORY FUND,O,"TRUMP, DONALD J",REP,13332.69,DIGITAL AD PRODUCTION,2020-06-22 00:00:00,2020
LCV VICTORY FUND,S,"BIDEN, JOSEPH R JR",DEM,34400.0,RADIO AD BUY,2020-07-31 00:00:00,2020
LCV VICTORY FUND,S,"BULLOCK, STEVE",DEM,670.89,TEXT MESSAGING SERVICES,2020-10-19 00:00:00,2020
LCV VICTORY FUND,O,"TRUMP, DONALD J",REP,13416.66,DIGITAL AD PRODUCTION,2020-05-21 00:00:00,2020
LCV VICTORY FUND,S,"BIDEN, JOSEPH R JR",DEM,158632.1,MAILER & POSTAGE,2020-10-20 00:00:00,2020
LCV VICTORY FUND,O,"TRUMP, DONALD J",REP,800.0,CONSULTING - ONLINE MESSAGING,2020-10-02 00:00:00,2020
LCV VICTORY FUND,S,"KELLY, MARK",DEM,324.06,TEXT MESSAGING SERVICES,2020-10-19 00:00:00,2020
LCV VICTORY FUND,S,"BIDEN, JOSEPH R JR",DEM,9574.22,DIGITAL AD PRODUCTION,2020-07-15 00:00:00,2020
LCV VICTORY FUND,O,"BOEBERT, LAUREN",REP,15705.07,TV AD PRODUCTION,2020-10-20 00:00:00,2020
LCV VICTORY FUND,O,"COLLINS, SUSAN M",REP,18978.74,MAILER & POSTAGE,2020-09-30 00:00:00,2020
LCV VICTORY FUND,S,"KELLY, MARK",DEM,13715.62,TELEPHONE SERVICES,2020-09-22 00:00:00,2020
LCV VICTORY FUND,O,"JAMES, JOHN",REP,160.0,CONSULTING - ONLINE MESSAGING,2020-09-29 00:00:00,2020
LCV VICTORY FUND,S,"BIDEN, JOSEPH R JR",DEM,77145.6,MAILER & POSTAGE,2020-08-11 00:00:00,2020
LCV VICTORY FUND,O,"TRUMP, DONALD J",REP,246.05,STAFF TIME AND EMAILS FOR ONLINE MESSAGE (VIA DRAWDOWN),2020-09-23 00:00:00,2020
LCV VICTORY FUND,O,"SULLIVAN, DAN",REP,8134.79,TV AD PRODUCTION,2020-10-14 00:00:00,2020
LCV VICTORY FUND,S,"BIDEN, JOSEPH R JR",DEM,1280503.5,FIELD CANVASS CONSULTING,2020-09-15 00:00:00,2020
LCV VICTORY FUND,O,"TRUMP, DONALD J",REP,615.2,STAFF TIME FOR PRESS RELEASE AND PRESS MEMO  (VIA DRAWDOWN),2020-05-18 00:00:00,2020
LCV VICTORY FUND,O,"COLLINS, SUSAN M",REP,190566.7,MAILER & POSTAGE`,2020-10-08 00:00:00,2020
LCV VICTORY FUND,S,"BIDEN, JOSEPH R JR",DEM,79223.37,MAILER & POSTAGE,2020-10-21 00:00:00,2020
LCV VICTORY FUND,S,"PETERS, GARY",DEM,10314.23,TV AD PRODUCTION,2020-04-23 00:00:00,2020
LCV VICTORY FUND,O,"GRAHAM, LINDSEY O.",REP,466925.0,RADIO AD BUY,2020-10-20 00:00:00,2020
LCV VICTORY FUND,O,"SULLIVAN, DAN",REP,793005.0,TV AD BUY,2020-10-13 00:00:00,2020
LCV VICTORY FUND,S,"BIDEN, JOSEPH R JR",DEM,5000.0,RADIO AD PRODUCTION,2020-07-31 00:00:00,2020
LCV VICTORY FUND,O,"TRUMP, DONALD J",REP,2611.5,DIGITAL AD PRODUCTION,2020-09-17 00:00:00,2020
LCV VICTORY FUND,S,"GROSS, AL DR.",IND,50000.0,DIGITAL AD PRODUCTION & BUY,2020-10-23 00:00:00,2020
LCV VICTORY FUND,O,"TRUMP, DONALD J",REP,210.9,STAFF TIME AND EMAILS FOR ONLINE MESSAGE (VIA DRAWDOWN),2020-09-10 00:00:00,2020
LCV VICTORY FUND,O,"TRUMP, DONALD J",REP,12233.9,DIGITAL AD PRODUCTION,2020-06-23 00:00:00,2020
LCV VICTORY FUND,O,"GRAHAM, LINDSEY O.",REP,526568.0,MAILER & POSTAGE,2020-10-15 00:00:00,2020
LCV VICTORY FUND,O,"TRUMP, DONALD J",REP,295.83,STAFF TIME AND EMAILS FOR ONLINE MESSAGE (VIA DRAWDOWN),2020-10-14 00:00:00,2020
LCV VICTORY FUND,O,"TENNEY, CLAUDIA",REP,15.19,STAFF TIME FOR PRESS RELEASE (VIA DRAWDOWN),2020-09-08 00:00:00,2020
LCV VICTORY FUND,S,"PETERS, GARY",DEM,227.85,STAFF TIME FOR PRESS RELEASE (VIA DRAWDOWN),2020-04-28 00:00:00,2020
LCV VICTORY FUND,O,"TRUMP, DONALD J",REP,800.0,CONSULTING - ONLINE MESSAGING,2020-10-02 00:00:00,2020
LCV VICTORY FUND,O,"TRUMP, DONALD J",REP,161.69,STAFF TIME FOR PRESS RELEASE  & SOCIAL MEDIA (VIA DRAWDOWN),2020-05-28 00:00:00,2020
LCV VICTORY FUND,S,"GIDEON, SARA",DEM,8390.5,TELEPHONE SERVICES,2020-10-19 00:00:00,2020
LCV VICTORY FUND,S,"BIDEN, JOSEPH R JR",DEM,7053.0,DIGITAL AD PRODUCTION,2020-07-23 00:00:00,2020
LCV VICTORY FUND,O,"RICHTER, DAVID",REP,10954.0,DIGITAL AD PRODUCTION,2020-09-28 00:00:00,2020
LCV VICTORY FUND,,"DAINES, STEVE",REP,800.0,CONSULTING - ONLINE MESSAGING,2020-09-29 00:00:00,2020
LCV VICTORY FUND,O,"COLLINS, SUSAN M",REP,37.9,STAFF TIME AND EMAILS FOR ONLINE MESSAGE (VIA DRAWDOWN),2020-10-27 00:00:00,2020
LCV VICTORY FUND,S,"BIDEN, JOSEPH R JR",DEM,79223.37,MAILER & POSTAGE,2020-10-23 00:00:00,2020
LCV VICTORY FUND,O,"PERDUE, DAVID",REP,5000.0,DIGITAL AD PRODUCTION & BUY,2020-12-17 00:00:00,2020
LCV VICTORY FUND,O,"JAMES, JOHN",REP,268.68,STAFF TIME AND EMAILS FOR ONLINE MESSAGE (VIA DRAWDOWN),2020-10-01 00:00:00,2020
LCV VICTORY FUND,O,"JAMES, JOHN",REP,52.06,STAFF TIME FOR PRESS RELEASE & SOCIAL MEDIA (VIA DRAWDOWN),2020-07-28 00:00:00,2020
LCV VICTORY FUND,O,"JAMES, JOHN",REP,1511.04,RADIO AD PRODUCTION,2020-10-15 00:00:00,2020
LCV VICTORY FUND,S,"GREENFIELD, THERESA",DEM,122095.46,MAILER & POSTAGE,2020-10-16 00:00:00,2020
LCV VICTORY FUND,O,"GARDNER, CORY",REP,75.0,CONSULTING - ONLINE MESSAGING,2020-08-18 00:00:00,2020
LCV VICTORY FUND,S,"GIDEON, SARA",DEM,44995.38,MAILER & POSTAGE,2020-10-26 00:00:00,2020
LCV VICTORY FUND,O,"HERRELL, STELLA YVETTE",REP,10000.0,POLLING,2020-09-22 00:00:00,2020
LCV VICTORY FUND,O,"MCSALLY, MARTHA",REP,45.35,STAFF TIME AND EMAILS FOR ONLINE MESSAGE (VIA DRAWDOWN),2020-08-10 00:00:00,2020
LCV VICTORY FUND,O,"FREITAS, NICK J",REP,5908.54,TV AD PRODUCTION,2020-09-30 00:00:00,2020
LCV VICTORY FUND,O,"DAINES, STEVE",REP,5002.28,TV AD PRODUCTION,2020-09-15 00:00:00,2020
LCV VICTORY FUND,O,"FREITAS, NICK J",REP,314.29,INKIND: POLLING,2020-09-29 00:00:00,2020
LCV VICTORY FUND,S,"BIDEN, JOSEPH R JR",DEM,1783.0,TV AD PRODUCTION,2020-10-06 00:00:00,2020
LCV VICTORY FUND,S,"CUNNINGHAM, JOE",DEM,361.11,RESEARCH SERVICES,2020-10-12 00:00:00,2020
LCV VICTORY FUND,O,"COLLINS, SUSAN M",REP,800.0,CONSULTING - ONLINE MESSAGING,2020-09-08 00:00:00,2020
LCV VICTORY FUND,S,"BIDEN, JOSEPH R JR",DEM,14371.0,TV AD PRODUCTION,2020-10-16 00:00:00,2020
LCV VICTORY FUND,O,"GONZALES, ERNEST ANTHONY TONY",REP,180.55,RESEARCH SERVICES,2020-10-19 00:00:00,2020
LCV VICTORY FUND,O,"TRUMP, DONALD J",REP,6500.0,RESEARCH SERVICES,2020-07-28 00:00:00,2020
LCV VICTORY FUND,O,"TRUMP, DONALD J",REP,40000.0,DATA ANALYTICS SERVICES,2020-05-18 00:00:00,2020
LCV VICTORY FUND,O,"HERRELL, STELLA YVETTE",REP,22.79,STAFF TIME FOR PRESS RELEASE (VIA DRAWDOWN),2020-09-22 00:00:00,2020
LCV VICTORY FUND,O,"DAINES, STEVE",REP,220.37,STAFF TIME AND EMAILS FOR ONLINE MESSAGE (VIA DRAWDOWN),2020-08-19 00:00:00,2020
LCV VICTORY FUND,O,"GARBARINO, ANDREW",REP,48885.39,MAILER & POSTAGE,2020-10-15 00:00:00,2020
LCV VICTORY FUND,O,"ERNST, JONI K",REP,45.57,STAFF TIME FOR PRESS RELEASE (VIA DRAWDOWN),2020-09-24 00:00:00,2020
LCV VICTORY FUND,O,"TRUMP, DONALD J",REP,393064.63,MAILER & POSTAGE,2020-07-01 00:00:00,2020
LCV VICTORY FUND,O,"TRUMP, DONALD J",REP,30536.02,DIGITAL AD PRODUCTION,2020-06-22 00:00:00,2020
LCV VICTORY FUND,O,"SULLIVAN, DAN",REP,600.0,CONSULTING - ONLINE MESSAGING,2020-10-18 00:00:00,2020
LCV VICTORY FUND,O,"MACE, NANCY",REP,10000.0,POLLING,2020-09-08 00:00:00,2020
LCV VICTORY FUND,O,"GRAHAM, LINDSEY O.",REP,2213.55,RADIO AD PRODUCTION,2020-10-19 00:00:00,2020
LCV VICTORY FUND,O,"GIMENEZ, CARLOS",REP,5500.0,INKIND: POLLING,2020-10-13 00:00:00,2020
LCV VICTORY FUND,O,"ERNST, JONI K",REP,10.0,STAFF TIME FOR PRESS RELEASE (VIA DRAWDOWN),2020-09-18 00:00:00,2020
LCV VICTORY FUND,S,"BIDEN, JOSEPH R JR",DEM,21486.73,VIDEO PRODUCTION,2020-06-30 00:00:00,2020
LCV VICTORY FUND,O,"DAINES, STEVE",REP,650.35,STAFF TIME AND TEXTS FOR MOBILE ALERT (VIA DRAWDOWN),2020-10-26 00:00:00,2020
LCV VICTORY FUND,S,"BIDEN, JOSEPH R JR",DEM,3878.73,TEXT MESSAGING SERVICES,2020-10-07 00:00:00,2020
LCV VICTORY FUND,O,"DAINES, STEVE",REP,11529.62,TV AD PRODUCTION,2020-08-13 00:00:00,2020
LCV VICTORY FUND,O,"TENNEY, CLAUDIA",REP,35.22,STAFF TIME AND EMAILS FOR ONLINE MESSAGE (VIA DRAWDOWN),2020-10-27 00:00:00,2020
LCV VICTORY FUND,S,"BULLOCK, STEVE",DEM,54262.5,DIGITAL AD PRODUCTION & BUY,2020-10-02 00:00:00,2020
LCV VICTORY FUND,S,"PETERS, GARY",DEM,42.74,STAFF TIME AND EMAILS FOR ONLINE MESSAGE (VIA DRAWDOWN),2020-10-27 00:00:00,2020
LCV VICTORY FUND,O,"TRUMP, DONALD J",REP,132221.76,MAILER & POSTAGE,2020-05-12 00:00:00,2020
LCV VICTORY FUND,S,"PETERS, GARY",DEM,250000.0,TV AD BUY,2020-04-23 00:00:00,2020
LCV VICTORY FUND,O,"TRUMP, DONALD J",REP,5004.0,DIGITAL AD PRODUCTION & BUY,2020-10-02 00:00:00,2020
LCV VICTORY FUND,O,"TRUMP, DONALD J",REP,291.08,STAFF TIME AND EMAILS FOR ONLINE MESSAGE (VIA DRAWDOWN),2020-10-21 00:00:00,2020
LCV VICTORY FUND,O,"TRUMP, DONALD J",REP,132221.76,MAILER & POSTAGE,2020-06-24 00:00:00,2020
LCV VICTORY FUND,O,"SULLIVAN, DAN",REP,947.93,RESEARCH SERVICES,2020-10-14 00:00:00,2020
LCV VICTORY FUND,O,"COLLINS, SUSAN M",REP,330.61,STAFF TIME AND EMAILS FOR ONLINE MESSAGE (VIA DRAWDOWN),2020-10-26 00:00:00,2020
LCV VICTORY FUND,S,"BIDEN, JOSEPH R JR",DEM,91.14,STAFF TIME FOR PRESS RELEASE (VIA DRAWDOWN),2020-07-21 00:00:00,2020
LCV VICTORY FUND,O,"DAINES, STEVE",REP,11214.51,TV AD PRODUCTION,2020-09-08 00:00:00,2020
LCV VICTORY FUND,O,"VAN DUYNE, ELIZABETH ANN",REP,10000.0,POLLING,2020-10-13 00:00:00,2020
LCV VICTORY FUND,O,"TRUMP, DONALD J",REP,216.04,STAFF TIME FOR PRESS RELEASE & SOCIAL MEDIA (VIA DRAWDOWN),2020-06-17 00:00:00,2020
LCV VICTORY FUND,O,"FREITAS, NICK J",REP,35.23,STAFF TIME AND EMAILS FOR ONLINE MESSAGE (VIA DRAWDOWN),2020-10-27 00:00:00,2020
LCV VICTORY FUND,O,"MACE, NANCY",REP,22.79,STAFF TIME FOR PRESS RELEASE (VIA DRAWDOWN),2020-09-18 00:00:00,2020
LCV VICTORY FUND,O,"COLLINS, SUSAN M",REP,175574.98,MAILER & POSTAGE,2020-09-24 00:00:00,2020
LCV VICTORY FUND,O,"TRUMP, DONALD J",REP,294755.76,MAILER & POSTAGE,2020-07-17 00:00:00,2020
LCV VICTORY FUND,O,"TRUMP, DONALD J",REP,16543.33,DIGITAL AD PRODUCTION,2020-05-21 00:00:00,2020
LCV VICTORY FUND,O,"TRUMP, DONALD J",REP,79906.6,MAILER & POSTAGE,2020-07-02 00:00:00,2020
LCV VICTORY FUND,O,"TRUMP, DONALD J",REP,385755.62,DIGITAL AD BUY,2020-07-16 00:00:00,2020
LCV VICTORY FUND,S,"CUNNINGHAM, CAL",DEM,97914.44,MAILER & POSTAGE,2020-10-15 00:00:00,2020
LCV VICTORY FUND,O,"RICHTER, DAVID",REP,10120.0,DIGITAL AD PRODUCTION,2020-10-20 00:00:00,2020
LCV VICTORY FUND,S,"BULLOCK, STEVE",DEM,14423.62,TELEPHONE SERVICES,2020-10-19 00:00:00,2020
LCV VICTORY FUND,O,"VAN DUYNE, ELIZABETH ANN",REP,34.9,STAFF TIME AND EMAILS FOR ONLINE MESSAGE (VIA DRAWDOWN),2020-10-27 00:00:00,2020
LCV VICTORY FUND,O,"TILLIS, THOM R",REP,8.17,STAFF TIME AND EMAILS FOR ONLINE MESSAGE (VIA DRAWDOWN),2020-08-06 00:00:00,2020
LCV VICTORY FUND,S,"HARRISON, JAIME",DEM,500000.0,FIELD CANVASS CONSULTING,2020-10-14 00:00:00,2020
LCV VICTORY FUND,O,"ERNST, JONI K",REP,129290.46,MAILER & POSTAGE,2020-10-22 00:00:00,2020
LCV VICTORY FUND,O,"VAN DUYNE, ELIZABETH ANN",REP,875.0,INKIND: POLLING,2020-10-13 00:00:00,2020
LCV VICTORY FUND,O,"TRUMP, DONALD J",REP,42500.0,DIGITAL AD PRODUCTION & BUY,2020-10-15 00:00:00,2020
LCV VICTORY FUND,O,"TRUMP, DONALD J",REP,800.0,CONSULTING - ONLINE MESSAGING,2020-09-18 00:00:00,2020
LCV VICTORY FUND,O,"JUNGE, PAUL",REP,22.79,STAFF TIME FOR PRESS RELEASE (VIA DRAWDOWN),2020-09-22 00:00:00,2020
LCV VICTORY FUND,O,"TILLIS, THOM R",REP,22.79,STAFF TIME FOR PRESS RELEASE (VIA DRAWDOWN),2020-10-22 00:00:00,2020
LCV VICTORY FUND,S,"GIDEON, SARA",DEM,941.13,TEXT MESSAGING SERVICES,2020-10-19 00:00:00,2020
LCV VICTORY FUND,O,"MCCONNELL, MITCH",REP,877.0,DIGITAL AD PRODUCTION & BUY,2020-07-31 00:00:00,2020
LCV VICTORY FUND,S,"GREENFIELD, THERESA",DEM,101012.74,MAILER & POSTAGE,2020-10-26 00:00:00,2020
LCV VICTORY FUND,S,"BULLOCK, STEVE",DEM,812.5,RESEARCH SERVICES,2020-10-19 00:00:00,2020
LCV VICTORY FUND,O,"GRAHAM, LINDSEY O.",REP,526568.0,MAILER & POSTAGE,2020-10-19 00:00:00,2020
LCV VICTORY FUND,S,"GIDEON, SARA",DEM,204.14,TEXT MESSAGING SERVICES,2020-10-07 00:00:00,2020
LCV VICTORY FUND,O,"TILLIS, THOM R",REP,30.0,STAFF TIME FOR PRESS NOTE (VIA DRAWDOWN),2020-09-22 00:00:00,2020
LCV VICTORY FUND,S,"BIDEN, JOSEPH R JR",DEM,158632.1,MAILER & POSTAGE,2020-10-15 00:00:00,2020
LCV VICTORY FUND,O,"TRUMP, DONALD J",REP,800.0,CONSULTING - ONLINE MESSAGING,2020-09-29 00:00:00,2020
LCV VICTORY FUND,O,"ROSENDALE, MATT MR.",REP,14250.0,INKIND: POLLING,2020-10-13 00:00:00,2020
LCV VICTORY FUND,O,"TRUMP, DONALD J",REP,3250.0,RESEARCH SERVICES,2020-10-19 00:00:00,2020
LCV VICTORY FUND,O,"TRUMP, DONALD J",REP,430427.53,MAILER & POSTAGE,2020-07-07 00:00:00,2020
LCV VICTORY FUND,O,"TRUMP, DONALD J",REP,63750.0,SURVEY RESEARCH,2020-05-08 00:00:00,2020
LCV VICTORY FUND,O,"TRUMP, DONALD J",REP,116360.73,MAILER & POSTAGE,2020-05-27 00:00:00,2020
LCV VICTORY FUND,O,"TRUMP, DONALD J",REP,79842.8,MAILER & POSTAGE,2020-07-07 00:00:00,2020
LCV VICTORY FUND,O,"JUNGE, PAUL",REP,35.1,STAFF TIME AND EMAILS FOR ONLINE MESSAGE (VIA DRAWDOWN),2020-10-28 00:00:00,2020
LCV VICTORY FUND,O,"TRUMP, DONALD J",REP,210.9,STAFF TIME AND EMAILS FOR ONLINE MESSAGE (VIA DRAWDOWN),2020-09-09 00:00:00,2020
LCV VICTORY FUND,S,"BULLOCK, STEVE",DEM,812.5,RESEARCH SERVICES,2020-10-09 00:00:00,2020
LCV VICTORY FUND,O,"TRUMP, DONALD J",REP,294965.45,MAILER & POSTAGE,2020-06-16 00:00:00,2020
LCV VICTORY FUND,O,"TILLIS, THOM R",REP,266.67,CONSULTING - ONLINE MESSAGING,2020-08-31 00:00:00,2020
LCV VICTORY FUND,O,"DAINES, STEVE",REP,800.0,CONSULTING - ONLINE MESSAGING,2020-08-19 00:00:00,2020
LCV VICTORY FUND,O,"TRUMP, DONALD J",REP,11362.47,DIGITAL AD PRODUCTION,2020-07-23 00:00:00,2020
LCV VICTORY FUND,O,"HUDSON, RICHARD L. JR.",REP,300000.0,DIGITAL AD PRODUCTION & BUY,2020-10-15 00:00:00,2020
LCV VICTORY FUND,O,"GONZALES, ERNEST ANTHONY TONY",REP,20000.0,INKIND: POLLING,2020-10-14 00:00:00,2020
LCV VICTORY FUND,O,"MACE, NANCY",REP,1462.5,RESEARCH SERVICES,2020-09-21 00:00:00,2020
LCV VICTORY FUND,O,"MCSALLY, MARTHA",REP,22.79,STAFF TIME FOR PRESS RELEASE (VIA DRAWDOWN),2020-07-02 00:00:00,2020
LCV VICTORY FUND,O,"TRUMP, DONALD J",REP,352071.0,MAILER & POSTAGE,2020-07-10 00:00:00,2020
LCV VICTORY FUND,O,"TRUMP, DONALD J",REP,90000.0,DIGITAL AD BUY,2020-08-26 00:00:00,2020
LCV VICTORY FUND,O,"TRUMP, DONALD J",REP,136.71,STAFF TIME FOR PRESS RELEASE (VIA DRAWDOWN),2020-08-27 00:00:00,2020
LCV VICTORY FUND,O,"TRUMP, DONALD J",REP,250000.0,DIGITAL AD BUY,2020-10-16 00:00:00,2020
LCV VICTORY FUND,O,"TRUMP, DONALD J",REP,200.0,CONSULTING - ONLINE MESSAGING,2020-10-02 00:00:00,2020
LCV VICTORY FUND,O,"LOEFFLER, KELLY",REP,81382.4,DIGITAL AD PRODUCTION & BUY,2020-12-18 00:00:00,2020
LCV VICTORY FUND,S,"BULLOCK, STEVE",DEM,459124.68,FIELD CANVASS CONSULTING,2020-10-19 00:00:00,2020
LCV VICTORY FUND,O,"GIMENEZ, CARLOS",REP,13550.0,TV AD PRODUCTION,2020-10-13 00:00:00,2020
LCV VICTORY FUND,O,"ROSENDALE, MATT MR.",REP,249645.0,RADIO AD BUY,2020-10-07 00:00:00,2020
LCV VICTORY FUND,O,"VAN DUYNE, ELIZABETH ANN",REP,5135.91,TV AD PRODUCTION,2020-10-13 00:00:00,2020
LCV VICTORY FUND,O,"TRUMP, DONALD J",REP,210.9,STAFF TIME AND EMAILS FOR ONLINE MESSAGE (VIA DRAWDOWN),2020-09-16 00:00:00,2020
LCV VICTORY FUND,S,"GIDEON, SARA",DEM,45367.02,MAILER & POSTAGE,2020-10-22 00:00:00,2020
LCV VICTORY FUND,S,"BULLOCK, STEVE",DEM,50000.0,DIGITAL AD PRODUCTION & BUY,2020-10-13 00:00:00,2020
LCV VICTORY FUND,O,"TRUMP, DONALD J",REP,3867.0,DIGITAL AD PRODUCTION,2020-05-15 00:00:00,2020
LCV VICTORY FUND,O,"TRUMP, DONALD J",REP,200.0,CONSULTING - ONLINE MESSAGING,2020-10-02 00:00:00,2020
LCV VICTORY FUND,O,"HERRELL, STELLA YVETTE",REP,5000.0,INKIND: POLLING,2020-10-27 00:00:00,2020
LCV VICTORY FUND,O,"TRUMP, DONALD J",REP,290.68,STAFF TIME AND TEXTS FOR MOBILE ALERT (VIA DRAWDOWN),2020-08-27 00:00:00,2020
LCV VICTORY FUND,O,"GIMENEZ, CARLOS",REP,361.11,RESEARCH SERVICES,2020-10-13 00:00:00,2020
LCV VICTORY FUND,S,"BIDEN, JOSEPH R JR",DEM,111544.5,DIGITAL AD PRODUCTION & BUY,2020-10-19 00:00:00,2020
LCV VICTORY FUND,O,"DAINES, STEVE",REP,160.0,CONSULTING - ONLINE MESSAGING,2020-09-29 00:00:00,2020
LCV VICTORY FUND,S,"CUNNINGHAM, JOE",DEM,361.11,RESEARCH SERVICES,2020-10-19 00:00:00,2020
LCV VICTORY FUND,S,"BULLOCK, STEVE",DEM,43175.37,MAILER & POSTAGE,2020-10-22 00:00:00,2020
LCV VICTORY FUND,O,"TENNEY, CLAUDIA",REP,10000.0,POLLING,2020-09-08 00:00:00,2020
LCV VICTORY FUND,S,"BIDEN, JOSEPH R JR",DEM,3148.0,DIGITAL AD PRODUCTION,2020-07-16 00:00:00,2020
LCV VICTORY FUND,O,"RICHTER, DAVID",REP,28442.0,DIGITAL AD BUY,2020-09-28 00:00:00,2020
LCV VICTORY FUND,S,"HARRISON, JAIME",DEM,1941.33,TEXT MESSAGING SERVICES,2020-10-14 00:00:00,2020
LCV VICTORY FUND,O,"JAMES, JOHN",REP,8.17,STAFF TIME AND EMAILS FOR ONLINE MESSAGE (VIA DRAWDOWN),2020-08-06 00:00:00,2020
LCV VICTORY FUND,O,"TILLIS, THOM R",REP,75.95,STAFF TIME AND EMAILS FOR ONLINE MESSAGE (VIA DRAWDOWN),2020-08-31 00:00:00,2020
LCV VICTORY FUND,O,"SULLIVAN, DAN",REP,8134.79,TV AD PRODUCTION,2020-10-16 00:00:00,2020
LCV VICTORY FUND,O,"JAMES, JOHN",REP,800.0,CONSULTING - ONLINE MESSAGING,2020-10-09 00:00:00,2020
LCV VICTORY FUND,O,"TILLIS, THOM R",REP,82.02,STAFF TIME AND EMAILS FOR ONLINE MESSAGE (VIA DRAWDOWN),2020-09-27 00:00:00,2020
LCV VICTORY FUND,S,"BIDEN, JOSEPH R JR",DEM,149267.11,MAILER & POSTAGE,2020-10-19 00:00:00,2020
LCV VICTORY FUND,O,"TRUMP, DONALD J",REP,19500.0,SURVEY RESEARCH,2020-07-10 00:00:00,2020
LCV VICTORY FUND,O,"MCCONNELL, MITCH",REP,810.0,DIGITAL AD PRODUCTION & BUY (ESTIMATE),2020-05-28 00:00:00,2020
LCV VICTORY FUND,S,"OSSOFF, T. JONATHAN",DEM,22.79,STAFF TIME FOR PRESS RELEASE (VIA DRAWDOWN),2020-12-21 00:00:00,2020
LCV VICTORY FUND,O,"TRUMP, DONALD J",REP,91.14,STAFF TIME FOR PRESS RELEASE (VIA DRAWDOWN),2020-08-04 00:00:00,2020
LCV VICTORY FUND,O,"TRUMP, DONALD J",REP,6770.83,RESEARCH SERVICES,2020-05-08 00:00:00,2020
LCV VICTORY FUND,O,"HERRELL, STELLA YVETTE",REP,1462.5,RESEARCH SERVICES,2020-09-21 00:00:00,2020
LCV VICTORY FUND,O,"TRUMP, DONALD J",REP,110.32,STAFF TIME AND EMAILS FOR ONLINE MESSAGE (VIA DRAWDOWN),2020-09-29 00:00:00,2020
LCV VICTORY FUND,O,"TRUMP, DONALD J",REP,8240.0,DIGITAL AD PRODUCTION,2020-07-16 00:00:00,2020
LCV VICTORY FUND,O,"MCSALLY, MARTHA",REP,45.57,STAFF TIME FOR PRESS RELEASE (VIA DRAWDOWN),2020-06-23 00:00:00,2020
LCV VICTORY FUND,S,"BIDEN, JOSEPH R JR",DEM,19491.0,DIGITAL AD PRODUCTION,2020-07-23 00:00:00,2020
LCV VICTORY FUND,O,"TRUMP, DONALD J",REP,386100.0,DIGITAL AD BUY,2020-05-15 00:00:00,2020
LCV VICTORY FUND,O,"TRUMP, DONALD J",REP,136.71,STAFF TIME FOR PRESS MEMO (VIA DRAWDOWN),2020-07-31 00:00:00,2020
LCV VICTORY FUND,O,"TRUMP, DONALD J",REP,68830.0,MAILER & POSTAGE,2020-07-17 00:00:00,2020
LCV VICTORY FUND,O,"COLLINS, SUSAN M",REP,27429.06,MAILER & POSTAGE,2020-09-24 00:00:00,2020
LCV VICTORY FUND,S,"BIDEN, JOSEPH R JR",DEM,50000.0,DIGITAL AD PRODUCTION & BUY,2020-10-06 00:00:00,2020
LCV VICTORY FUND,S,"WARNOCK, RAPHAEL",DEM,22.79,STAFF TIME FOR PRESS RELEASE (VIA DRAWDOWN),2020-12-21 00:00:00,2020
LCV VICTORY FUND,O,"TRUMP, DONALD J",REP,13818.38,DIGITAL AD PRODUCTION,2020-07-23 00:00:00,2020
LCV VICTORY FUND,O,"TRUMP, DONALD J",REP,800.0,CONSULTING - ONLINE MESSAGING,2020-08-23 00:00:00,2020
LCV VICTORY FUND,S,"CUNNINGHAM, CAL",DEM,371812.59,MAILER & POSTAGE,2020-09-11 00:00:00,2020
LCV VICTORY FUND,O,"TRUMP, DONALD J",REP,182248.72,MAILER & POSTAGE,2020-05-27 00:00:00,2020
LCV VICTORY FUND,O,"COLLINS, SUSAN M",REP,30938.53,MAILER & POSTAGE,2020-09-16 00:00:00,2020
LCV VICTORY FUND,S,"PETERS, GARY",DEM,160854.75,MAILER & POSTAGE,2020-10-15 00:00:00,2020
LCV VICTORY FUND,O,"TRUMP, DONALD J",REP,800.0,CONSULTING - ONLINE MESSAGING,2020-10-02 00:00:00,2020
LCV VICTORY FUND,O,"BOEBERT, LAUREN",REP,2666.67,INKIND: POLLING,2020-10-20 00:00:00,2020
LCV VICTORY FUND,O,"GARBARINO, ANDREW",REP,46264.16,MAILER & POSTAGE,2020-10-21 00:00:00,2020
LCV VICTORY FUND,O,"MCSALLY, MARTHA",REP,8.17,STAFF TIME AND EMAILS FOR ONLINE MESSAGE (VIA DRAWDOWN),2020-08-06 00:00:00,2020
LCV VICTORY FUND,O,"TRUMP, DONALD J",REP,30500.05,DIGITAL AD PRODUCTION,2020-06-15 00:00:00,2020
LCV VICTORY FUND,O,"COLLINS, SUSAN M",REP,812.5,RESEARCH SERVICES,2020-10-08 00:00:00,2020
LCV VICTORY FUND,O,"TRUMP, DONALD J",REP,91.14,STAFF TIME FOR PRESS RELEASE AND ONLINE MESSAGES  (VIA DRAWDOWN),2020-05-14 00:00:00,2020
LCV VICTORY FUND,O,"GRAHAM, LINDSEY O.",REP,51.17,STAFF TIME FOR PRESS RELEASE (VIA DRAWDOWN),2020-10-15 00:00:00,2020
LCV VICTORY FUND,O,"GARDNER, CORY",REP,52.06,STAFF TIME FOR PRESS RELEASE & SOCIAL MEDIA (VIA DRAWDOWN),2020-07-28 00:00:00,2020
LCV VICTORY FUND,O,"GARDNER, CORY",REP,82.02,STAFF TIME AND EMAILS FOR ONLINE MESSAGE (VIA DRAWDOWN),2020-09-27 00:00:00,2020
LCV VICTORY FUND,O,"DAINES, STEVE",REP,22.79,STAFF TIME FOR PRESS RELEASE (VIA DRAWDOWN),2020-09-08 00:00:00,2020
LCV VICTORY FUND,O,"DAINES, STEVE",REP,8.17,STAFF TIME AND EMAILS FOR ONLINE MESSAGE (VIA DRAWDOWN),2020-08-06 00:00:00,2020
LCV VICTORY FUND,O,"TRUMP, DONALD J",REP,8442.13,DIGITAL AD PRODUCTION,2020-09-08 00:00:00,2020
LCV VICTORY FUND,O,"RICHTER, DAVID",REP,34.99,STAFF TIME AND EMAILS FOR ONLINE MESSAGE (VIA DRAWDOWN),2020-10-27 00:00:00,2020
LCV VICTORY FUND,S,"HARRISON, JAIME",DEM,416627.0,"FIELD CANVASS CONSULTING - CANDIDATE ALLOCATION REDUCED BY 83,373 FROM ORIGINAL REPORT SEE ABOVE",2020-10-16 00:00:00,2020
LCV VICTORY FUND,S,"GREENFIELD, THERESA",DEM,776605.88,FIELD CANVASS CONSULTING,2020-10-19 00:00:00,2020
LCV VICTORY FUND,O,"TRUMP, DONALD J",REP,68884.5,MAILER & POSTAGE,2020-07-30 00:00:00,2020
LCV VICTORY FUND,O,"VAN DUYNE, ELIZABETH ANN",REP,361.11,RESEARCH SERVICES,2020-10-19 00:00:00,2020
LCV VICTORY FUND,O,"TRUMP, DONALD J",REP,9350.0,DIGITAL AD PRODUCTION & BUY,2020-09-23 00:00:00,2020
LCV VICTORY FUND,O,"TENNEY, CLAUDIA",REP,12113.67,TV AD PRODUCTION,2020-09-03 00:00:00,2020
LCV VICTORY FUND,O,"GONZALES, ERNEST ANTHONY TONY",REP,13000.0,INKIND: POLLING,2020-10-06 00:00:00,2020
LCV VICTORY FUND,O,"TRUMP, DONALD J",REP,1625.0,RESEARCH SERVICES,2020-09-03 00:00:00,2020
LCV VICTORY FUND,O,"GARDNER, CORY",REP,160.0,CONSULTING - ONLINE MESSAGING,2020-09-29 00:00:00,2020
LCV VICTORY FUND,O,"GARDNER, CORY",REP,33.96,STAFF TIME AND RESOURCES FOR PRESS RELEASE (VIA DRAWDOWN),2020-02-20 00:00:00,2020
LCV VICTORY FUND,O,"COLLINS, SUSAN M",REP,75.95,STAFF TIME AND EMAILS FOR ONLINE MESSAGE (VIA DRAWDOWN),2020-08-31 00:00:00,2020
LCV VICTORY FUND,O,"JUNGE, PAUL",REP,293000.0,TV AD BUY,2020-09-18 00:00:00,2020
LCV VICTORY FUND,O,"ERNST, JONI K",REP,266.67,CONSULTING - ONLINE MESSAGING,2020-09-29 00:00:00,2020
LCV VICTORY FUND,S,"VALENZUELA, CANDACE",DEM,9.11,STAFF TIME FOR PRESS RELEASE (VIA DRAWDOWN),2020-10-14 00:00:00,2020
LCV VICTORY FUND,O,"TRUMP, DONALD J",REP,325.0,CONSULTING - ONLINE MESSAGING,2020-05-18 00:00:00,2020
LCV VICTORY FUND,O,"DAINES, STEVE",REP,75.0,CONSULTING - ONLINE MESSAGING,2020-08-18 00:00:00,2020
LCV VICTORY FUND,O,"TRUMP, DONALD J",REP,1500.0,WEBSITE DESIGN & PRODUCTION,2020-05-15 00:00:00,2020
LCV VICTORY FUND,O,"COLLINS, SUSAN M",REP,30853.53,MAILER & POSTAGE,2020-10-02 00:00:00,2020
LCV VICTORY FUND,S,"BIDEN, JOSEPH R JR",DEM,22.79,STAFF TIME FOR PRESS RELEASE (VIA DRAWDOWN),2020-10-13 00:00:00,2020
LCV VICTORY FUND,O,"GARDNER, CORY",REP,26.51,STAFF TIME FOR PRESS RELEASE (VIA DRAWDOWN),2020-07-07 00:00:00,2020
LCV VICTORY FUND,S,"BULLOCK, STEVE",DEM,67149.0,FIELD CANVASS CONSULTING,2020-10-06 00:00:00,2020
LCV VICTORY FUND,O,"TRUMP, DONALD J",REP,100.31,STAFF TIME FOR PRESS MEMO & SOCIAL MEDIA (VIA DRAWDOWN),2020-09-08 00:00:00,2020
LCV VICTORY FUND,S,"GREENFIELD, THERESA",DEM,2513.7,TEXT MESSAGING SERVICES,2020-10-19 00:00:00,2020
LCV VICTORY FUND,O,"TILLIS, THOM R",REP,812.5,RESEARCH SERVICES,2020-10-19 00:00:00,2020
LCV VICTORY FUND,O,"RICHTER, DAVID",REP,10.0,STAFF TIME FOR PRESS RELEASE (VIA DRAWDOWN),2020-09-18 00:00:00,2020
LCV VICTORY FUND,S,"BIDEN, JOSEPH R JR",DEM,80575.23,TELEPHONE SERVICES,2020-10-06 00:00:00,2020
LCV VICTORY FUND,O,"COLLINS, SUSAN M",REP,1895.83,RESEARCH SERVICES,2020-09-21 00:00:00,2020
LCV VICTORY FUND,O,"COLLINS, SUSAN M",REP,22.79,STAFF TIME FOR PRESS RELEASE (VIA DRAWDOWN),2020-10-05 00:00:00,2020
LCV VICTORY FUND,O,"TRUMP, DONALD J",REP,2060.0,DIGITAL AD PRODUCTION,2020-05-13 00:00:00,2020
LCV VICTORY FUND,O,"MACE, NANCY",REP,682.5,RESEARCH SERVICES,2020-09-08 00:00:00,2020
LCV VICTORY FUND,S,"GIDEON, SARA",DEM,7184.37,TELEPHONE SERVICES,2020-09-22 00:00:00,2020
LCV VICTORY FUND,O,"ERNST, JONI K",REP,22.79,STAFF TIME FOR PRESS RELEASE (VIA DRAWDOWN),2020-10-13 00:00:00,2020
LCV VICTORY FUND,O,"TRUMP, DONALD J",REP,62500.0,DIGITAL AD PRODUCTION & BUY,2020-10-08 00:00:00,2020
LCV VICTORY FUND,O,"COLLINS, SUSAN M",REP,33.99,STAFF TIME AND EMAILS FOR ONLINE MESSAGE (VIA DRAWDOWN),2020-09-11 00:00:00,2020
LCV VICTORY FUND,O,"TRUMP, DONALD J",REP,6326.24,MAILER & POSTAGE,2020-09-30 00:00:00,2020
LCV VICTORY FUND,S,"BIDEN, JOSEPH R JR",DEM,45.57,STAFF TIME FOR PRESS NOTE (VIA DRAWDOWN),2020-10-07 00:00:00,2020
LCV VICTORY FUND,S,"BIDEN, JOSEPH R JR",DEM,5946.7,DIGITAL AD PRODUCTION,2020-08-27 00:00:00,2020
LCV VICTORY FUND,O,"HUDSON, RICHARD L. JR.",REP,9833.33,INKIND: POLLING,2020-10-15 00:00:00,2020
LCV VICTORY FUND,O,"PERDUE, DAVID",REP,81382.4,DIGITAL AD PRODUCTION & BUY,2020-12-18 00:00:00,2020
LCV VICTORY FUND,O,"TRUMP, DONALD J",REP,353123.04,MAILER & POSTAGE,2020-05-15 00:00:00,2020
LCV VICTORY FUND,O,"TRUMP, DONALD J",REP,386172.0,DIGITAL AD BUY,2020-06-12 00:00:00,2020
LCV VICTORY FUND,S,"BIDEN, JOSEPH R JR",DEM,1166620.0,FIELD CANVASS CONSULTING,2020-10-06 00:00:00,2020
LCV VICTORY FUND,S,"BIDEN, JOSEPH R JR",DEM,6623.51,TEXT MESSAGING SERVICES,2020-10-19 00:00:00,2020
LCV VICTORY FUND,O,"MACE, NANCY",REP,50000.0,TV AD BUY,2020-09-11 00:00:00,2020
LCV VICTORY FUND,O,"GONZALES, ERNEST ANTHONY TONY",REP,130000.0,RADIO AD PRODUCTION & BUY,2020-10-13 00:00:00,2020
LCV VICTORY FUND,O,"TILLIS, THOM R",REP,100.0,CONSULTING - ONLINE MESSAGING,2020-10-02 00:00:00,2020
LCV VICTORY FUND,O,"MCSALLY, MARTHA",REP,160.0,CONSULTING - ONLINE MESSAGING,2020-09-29 00:00:00,2020
LCV VICTORY FUND,O,"TRUMP, DONALD J",REP,2000.0,DIGITAL AD PRODUCTION,2020-09-03 00:00:00,2020
LCV VICTORY FUND,O,"TRUMP, DONALD J",REP,91.14,STAFF TIME FOR PRESS MEMO (VIA DRAWDOWN),2020-08-21 00:00:00,2020
LCV VICTORY FUND,O,"TRUMP, DONALD J",REP,150947.55,MAILER & POSTAGE,2020-08-03 00:00:00,2020
LCV VICTORY FUND,S,"GIDEON, SARA",DEM,161262.12,FIELD CANVASS CONSULTING,2020-10-19 00:00:00,2020
LCV VICTORY FUND,O,"TRUMP, DONALD J",REP,83981.75,MAILER & POSTAGE,2020-06-10 00:00:00,2020
LCV VICTORY FUND,O,"ERNST, JONI K",REP,796026.0,TV AD BUY,2020-10-26 00:00:00,2020
LCV VICTORY FUND,S,"BIDEN, JOSEPH R JR",DEM,22.79,STAFF TIME FOR PRESS RELEASE (VIA DRAWDOWN),2020-10-07 00:00:00,2020
LCV VICTORY FUND,O,"TRUMP, DONALD J",REP,11362.47,DIGITAL AD PRODUCTION,2020-08-20 00:00:00,2020
LCV VICTORY FUND,O,"ERNST, JONI K",REP,947.92,RESEARCH SERVICES,2020-09-21 00:00:00,2020
LCV VICTORY FUND,S,"GROSS, AL DR.",IND,7549.92,DIGITAL AD PRODUCTION & BUY,2020-11-03 00:00:00,2020
LCV VICTORY FUND,O,"TILLIS, THOM R",REP,160.0,CONSULTING - ONLINE MESSAGING,2020-08-10 00:00:00,2020
LCV VICTORY FUND,O,"TRUMP, DONALD J",REP,45000.0,DATA ANALYTICS SERVICES,2020-05-18 00:00:00,2020
LCV VICTORY FUND,O,"SULLIVAN, DAN",REP,35.35,STAFF TIME AND EMAILS FOR ONLINE MESSAGE (VIA DRAWDOWN),2020-10-27 00:00:00,2020
LCV VICTORY FUND,O,"TILLIS, THOM R",REP,266.67,CONSULTING - ONLINE MESSAGING,2020-09-29 00:00:00,2020
LCV VICTORY FUND,O,"TRUMP, DONALD J",REP,7873.15,DIGITAL AD PRODUCTION,2020-10-19 00:00:00,2020
LCV VICTORY FUND,O,"FREITAS, NICK J",REP,10.0,STAFF TIME FOR PRESS RELEASE (VIA DRAWDOWN),2020-09-18 00:00:00,2020
LCV VICTORY FUND,O,"COLLINS, SUSAN M",REP,600.0,CONSULTING - ONLINE MESSAGING,2020-10-26 00:00:00,2020
LCV VICTORY FUND,S,"BULLOCK, STEVE",DEM,4278.79,TELEPHONE SERVICES,2020-10-06 00:00:00,2020
LCV VICTORY FUND,S,"BIDEN, JOSEPH R JR",DEM,11225.05,TV AD PRODUCTION,2020-10-23 00:00:00,2020
LCV VICTORY FUND,O,"HERRELL, STELLA YVETTE",REP,310000.0,TV AD BUY,2020-10-21 00:00:00,2020
LCV VICTORY FUND,O,"FREITAS, NICK J",REP,682.5,RESEARCH SERVICES,2020-09-29 00:00:00,2020
LCV VICTORY FUND,O,"TRUMP, DONALD J",REP,8268.75,DIGITAL AD PRODUCTION,2020-10-16 00:00:00,2020
LCV VICTORY FUND,O,"MCSALLY, MARTHA",REP,877.0,DIGITAL AD PRODUCTION & BUY,2020-07-31 00:00:00,2020
LCV VICTORY FUND,O,"TENNEY, CLAUDIA",REP,682.5,RESEARCH SERVICES,2020-09-08 00:00:00,2020
LCV VICTORY FUND,O,"TRUMP, DONALD J",REP,7000.0,DIGITAL AD PRODUCTION,2020-05-18 00:00:00,2020
LCV VICTORY FUND,O,"MCSALLY, MARTHA",REP,11514.81,TV AD PRODUCTION,2020-06-29 00:00:00,2020
LCV VICTORY FUND,O,"COLLINS, SUSAN M",REP,236.76,STAFF TIME AND EMAILS FOR ONLINE MESSAGE (VIA DRAWDOWN),2020-10-09 00:00:00,2020
LCV VICTORY FUND,O,"TRUMP, DONALD J",REP,10500.0,DATA ANALYTICS SERVICES,2020-05-13 00:00:00,2020
LCV VICTORY FUND,O,"HERRELL, STELLA YVETTE",REP,10.0,STAFF TIME FOR PRESS RELEASE (VIA DRAWDOWN),2020-09-18 00:00:00,2020
LCV VICTORY FUND,O,"DAINES, STEVE",REP,1967149.0,TV AD BUY,2020-09-08 00:00:00,2020
LCV VICTORY FUND,O,"ROSENDALE, MATT MR.",REP,507.81,RESEARCH SERVICES,2020-10-13 00:00:00,2020
LCV VICTORY FUND,O,"TRUMP, DONALD J",REP,6770.83,RESEARCH SERVICES,2020-05-15 00:00:00,2020
LCV VICTORY FUND,O,"DAINES, STEVE",REP,100000.0,DIGITAL AD BUY,2020-10-28 00:00:00,2020
LCV VICTORY FUND,S,"GIDEON, SARA",DEM,44995.38,MAILER & POSTAGE,2020-10-27 00:00:00,2020
LCV VICTORY FUND,O,"TRUMP, DONALD J",REP,100.0,CONSULTING - ONLINE MESSAGING,2020-09-29 00:00:00,2020
LCV VICTORY FUND,S,"GREENFIELD, THERESA",DEM,141131.0,FIELD CANVASS CONSULTING,2020-10-06 00:00:00,2020
LCV VICTORY FUND,O,"TRUMP, DONALD J",REP,800.0,CONSULTING - ONLINE MESSAGING,2020-10-02 00:00:00,2020
LCV VICTORY FUND,O,"TRUMP, DONALD J",REP,356734.46,MAILER & POSTAGE,2020-06-03 00:00:00,2020
LCV VICTORY FUND,S,"BIDEN, JOSEPH R JR",DEM,1055018.32,FIELD CANVASS CONSULTING,2020-10-19 00:00:00,2020
LCV VICTORY FUND,O,"MACE, NANCY",REP,12958.81,TV AD PRODUCTION,2020-09-09 00:00:00,2020
LCV VICTORY FUND,O,"TRUMP, DONALD J",REP,210.9,STAFF TIME AND EMAILS FOR ONLINE MESSAGE (VIA DRAWDOWN),2020-09-15 00:00:00,2020
LCV VICTORY FUND,O,"MCSALLY, MARTHA",REP,45.57,STAFF TIME FOR PRESS RELEASE (VIA DRAWDOWN),2020-06-08 00:00:00,2020
LCV VICTORY FUND,O,"COLLINS, SUSAN M",REP,266.67,CONSULTING - ONLINE MESSAGING,2020-09-29 00:00:00,2020
LCV VICTORY FUND,S,"BIDEN, JOSEPH R JR",DEM,6748.19,DIGITAL AD PRODUCTION,2020-07-23 00:00:00,2020
LCV VICTORY FUND,O,"COLLINS, SUSAN M",REP,95368.35,MAILER & POSTAGE,2020-10-02 00:00:00,2020
LCV VICTORY FUND,O,"DAINES, STEVE",REP,13333.0,POLLING,2020-08-13 00:00:00,2020
LCV VICTORY FUND,O,"SULLIVAN, DAN",REP,51.17,STAFF TIME FOR PRESS RELEASE (VIA DRAWDOWN),2020-10-15 00:00:00,2020
LCV VICTORY FUND,O,"RICHTER, DAVID",REP,14250.0,INKIND: POLLING,2020-09-08 00:00:00,2020
LCV VICTORY FUND,O,"VAN DUYNE, ELIZABETH ANN",REP,361.11,RESEARCH SERVICES,2020-10-13 00:00:00,2020
LCV VICTORY FUND,O,"ERNST, JONI K",REP,172124.26,MAILER & POSTAGE,2020-10-21 00:00:00,2020
LCV VICTORY FUND,S,"BIDEN, JOSEPH R JR",DEM,22.79,STAFF TIME FOR PRESS RELEASE (VIA DRAWDOWN),2020-10-19 00:00:00,2020
LCV VICTORY FUND,O,"TRUMP, DONALD J",REP,20500.0,SURVEY RESEARCH,2020-06-15 00:00:00,2020
LCV VICTORY FUND,O,"ROSENDALE, MATT MR.",REP,1749.46,RADIO AD PRODUCTION,2020-10-13 00:00:00,2020
LCV VICTORY FUND,O,"RICHTER, DAVID",REP,28441.0,DIGITAL AD BUY,2020-09-18 00:00:00,2020
LCV VICTORY FUND,S,"BIDEN, JOSEPH R JR",DEM,16143.75,TV AD PRODUCTION,2020-10-15 00:00:00,2020
LCV VICTORY FUND,O,"MCSALLY, MARTHA",REP,75.0,CONSULTING - ONLINE MESSAGING,2020-08-18 00:00:00,2020
LCV VICTORY FUND,O,"TRUMP, DONALD J",REP,800.0,CONSULTING - ONLINE MESSAGING,2020-09-16 00:00:00,2020
LCV VICTORY FUND,S,"PETERS, GARY",DEM,160854.75,MAILER & POSTAGE,2020-10-16 00:00:00,2020
LCV VICTORY FUND,S,"BIDEN, JOSEPH R JR",DEM,2131.38,VIDEO PRODUCTION,2020-06-30 00:00:00,2020
LCV VICTORY FUND,O,"TILLIS, THOM R",REP,975.0,RESEARCH SERVICES,2020-09-11 00:00:00,2020
LCV VICTORY FUND,O,"GARDNER, CORY",REP,45.57,STAFF TIME FOR PRESS RELEASE (VIA DRAWDOWN),2020-09-17 00:00:00,2020
LCV VICTORY FUND,O,"TRUMP, DONALD J",REP,220.37,STAFF TIME AND EMAILS FOR ONLINE MESSAGE & SOCIAL MEDIA (VIA DRAWDOWN),2020-08-14 00:00:00,2020
LCV VICTORY FUND,O,"MCSALLY, MARTHA",REP,1476119.0,TV AD  BUY,2020-06-08 00:00:00,2020
LCV VICTORY FUND,O,"TRUMP, DONALD J",REP,800.0,CONSULTING - ONLINE MESSAGING,2020-09-29 00:00:00,2020
LCV VICTORY FUND,O,"TRUMP, DONALD J",REP,12287.75,DIGITAL AD PRODUCTION,2020-07-16 00:00:00,2020
LCV VICTORY FUND,O,"TRUMP, DONALD J",REP,30938.53,MAILER & POSTAGE,2020-09-16 00:00:00,2020
LCV VICTORY FUND,O,"TRUMP, DONALD J",REP,210.9,STAFF TIME AND EMAILS FOR ONLINE MESSAGE (VIA DRAWDOWN),2020-09-25 00:00:00,2020
LCV VICTORY FUND,S,"BIDEN, JOSEPH R JR",DEM,158632.1,MAILER & POSTAGE,2020-10-23 00:00:00,2020
LCV VICTORY FUND,S,"CUNNINGHAM, JOE",DEM,1156.28,RADIO AD PRODUCTION,2020-10-13 00:00:00,2020
LCV VICTORY FUND,O,"TRUMP, DONALD J",REP,800.0,CONSULTING - ONLINE MESSAGING,2020-09-29 00:00:00,2020
LCV VICTORY FUND,O,"TENNEY, CLAUDIA",REP,10.0,STAFF TIME FOR PRESS RELEASE (VIA DRAWDOWN),2020-09-18 00:00:00,2020
LCV VICTORY FUND,O,"TRUMP, DONALD J",REP,1462.5,RESEARCH SERVICES,2020-09-21 00:00:00,2020
LCV VICTORY FUND,O,"TRUMP, DONALD J",REP,7911.64,DIGITAL AD PRODUCTION,2020-08-31 00:00:00,2020
LCV VICTORY FUND,O,"TRUMP, DONALD J",REP,5444.46,DIGITAL AD PRODUCTION,2020-09-16 00:00:00,2020
LCV VICTORY FUND,O,"MCSALLY, MARTHA",REP,1625.0,RESEARCH SERVICES,2020-06-23 00:00:00,2020
LCV VICTORY FUND,O,"TRUMP, DONALD J",REP,179000.0,POLLING,2020-05-18 00:00:00,2020
LCV VICTORY FUND,O,"HUDSON, RICHARD L. JR.",REP,8500.0,INKIND: POLLING,2020-10-15 00:00:00,2020
LCV VICTORY FUND,S,"GREENFIELD, THERESA",DEM,62500.0,DIGITAL AD PRODUCTION & BUY,2020-10-08 00:00:00,2020
LCV VICTORY FUND,O,"TRUMP, DONALD J",REP,595.0,DIGITAL AD PRODUCTION,2020-09-22 00:00:00,2020
LCV VICTORY FUND,O,"TRUMP, DONALD J",REP,800.0,CONSULTING - ONLINE MESSAGING,2020-09-29 00:00:00,2020
LCV VICTORY FUND,O,"TRUMP, DONALD J",REP,8602.0,DIGITAL AD PRODUCTION,2020-09-03 00:00:00,2020
LCV VICTORY FUND,O,"RICHTER, DAVID",REP,361.11,RESEARCH SERVICES,2020-10-13 00:00:00,2020
LCV VICTORY FUND,S,"CUNNINGHAM, JOE",DEM,35062.5,RADIO AD BUY,2020-10-02 00:00:00,2020
LCV VICTORY FUND,O,"DAINES, STEVE",REP,52.06,STAFF TIME FOR PRESS RELEASE & SOCIAL MEDIA (VIA DRAWDOWN),2020-07-28 00:00:00,2020
LCV VICTORY FUND,O,"TRUMP, DONALD J",REP,220.37,STAFF TIME AND EMAILS FOR ONLINE MESSAGE (VIA DRAWDOWN),2020-08-21 00:00:00,2020
LCV VICTORY FUND,O,"MCSALLY, MARTHA",REP,1625.0,RESEARCH SERVICES,2020-07-02 00:00:00,2020
LCV VICTORY FUND,O,"GIMENEZ, CARLOS",REP,6200.0,TV AD PRODUCTION,2020-10-22 00:00:00,2020
LCV VICTORY FUND,O,"COLLINS, SUSAN M",REP,95198.35,MAILER & POSTAGE,2020-10-05 00:00:00,2020
LCV VICTORY FUND,O,"TILLIS, THOM R",REP,160.0,CONSULTING - ONLINE MESSAGING,2020-09-29 00:00:00,2020
LCV VICTORY FUND,O,"TRUMP, DONALD J",REP,438148.47,MAILER & POSTAGE,2020-06-24 00:00:00,2020
LCV VICTORY FUND,O,"RICHTER, DAVID",REP,25014.0,DIGITAL AD  BUY,2020-09-04 00:00:00,2020
LCV VICTORY FUND,O,"ERNST, JONI K",REP,15848.0,TV AD PRODUCTION,2020-09-24 00:00:00,2020
LCV VICTORY FUND,O,"TILLIS, THOM R",REP,110.32,STAFF TIME AND EMAILS FOR ONLINE MESSAGE (VIA DRAWDOWN),2020-09-29 00:00:00,2020
LCV VICTORY FUND,O,"FREITAS, NICK J",REP,45.57,STAFF TIME FOR PRESS RELEASE (VIA DRAWDOWN),2020-09-29 00:00:00,2020
LCV VICTORY FUND,O,"ERNST, JONI K",REP,37.02,STAFF TIME AND EMAILS FOR ONLINE MESSAGE (VIA DRAWDOWN),2020-10-27 00:00:00,2020
LCV VICTORY FUND,O,"LOEFFLER, KELLY",REP,5000.0,DIGITAL AD PRODUCTION & BUY,2020-12-17 00:00:00,2020
LCV VICTORY FUND,O,"TILLIS, THOM R",REP,52.06,STAFF TIME FOR PRESS RELEASE & SOCIAL MEDIA (VIA DRAWDOWN),2020-07-28 00:00:00,2020
LCV VICTORY FUND,S,"GREENFIELD, THERESA",DEM,65000.0,FIELD CANVASS CONSULTING,2020-10-28 00:00:00,2020
LCV VICTORY FUND,O,"TRUMP, DONALD J",REP,14252.42,DIGITAL AD PRODUCTION,2020-05-29 00:00:00,2020
LCV VICTORY FUND,S,"GIDEON, SARA",DEM,70000.0,FIELD CANVASS CONSULTING,2020-10-28 00:00:00,2020
LCV VICTORY FUND,O,"TRUMP, DONALD J",REP,1000000.0,DIGITAL AD BUY,2020-10-06 00:00:00,2020
LCV VICTORY FUND,O,"TRUMP, DONALD J",REP,8125.0,RESEARCH SERVICES,2020-07-02 00:00:00,2020
LCV VICTORY FUND,S,"BULLOCK, STEVE",DEM,52131.0,DIGITAL AD PRODUCTION & BUY,2020-10-19 00:00:00,2020
LCV VICTORY FUND,O,"TRUMP, DONALD J",REP,1456.14,DIGITAL AD PRODUCTION,2020-07-29 00:00:00,2020
LCV VICTORY FUND,O,"ERNST, JONI K",REP,266.67,CONSULTING - ONLINE MESSAGING,2020-08-31 00:00:00,2020
LCV VICTORY FUND,O,"COLLINS, SUSAN M",REP,800.0,CONSULTING - ONLINE MESSAGING,2020-10-02 00:00:00,2020
LCV VICTORY FUND,O,"TRUMP, DONALD J",REP,409222.16,MAILER & POSTAGE,2020-06-04 00:00:00,2020
LCV VICTORY FUND,O,"GARDNER, CORY",REP,7834.5,DIGITAL AD PRODUCTION,2020-09-17 00:00:00,2020
LCV VICTORY FUND,S,"OSSOFF, T. JONATHAN",DEM,149.99,STAFF TIME AND EMAILS FOR ONLINE MESSAGE (VIA DRAWDOWN),2020-12-07 00:00:00,2020
LCV VICTORY FUND,O,"TRUMP, DONALD J",REP,1354.17,RESEARCH SERVICES,2020-05-08 00:00:00,2020
LCV VICTORY FUND,S,"GIDEON, SARA",DEM,60000.0,DIGITAL AD BUY,2020-10-28 00:00:00,2020
LCV VICTORY FUND,S,"PETERS, GARY",DEM,22.79,STAFF TIME FOR PRESS RELEASE (VIA DRAWDOWN),2020-10-19 00:00:00,2020
LCV VICTORY FUND,O,"TENNEY, CLAUDIA",REP,475000.0,TV AD BUY,2020-09-08 00:00:00,2020
LCV VICTORY FUND,O,"DAINES, STEVE",REP,91.14,STAFF TIME FOR PRESS RELEASE (VIA DRAWDOWN),2020-08-13 00:00:00,2020
LCV VICTORY FUND,O,"TRUMP, DONALD J",REP,185668.56,MAILER & POSTAGE,2020-08-04 00:00:00,2020
LCV VICTORY FUND,O,"TRUMP, DONALD J",REP,220.37,STAFF TIME AND EMAILS FOR ONLINE MESSAGE (VIA DRAWDOWN),2020-08-23 00:00:00,2020
LCV VICTORY FUND,O,"GARDNER, CORY",REP,160.0,CONSULTING - ONLINE MESSAGING,2020-08-10 00:00:00,2020
LCV VICTORY FUND,S,"GREENFIELD, THERESA",DEM,106053.99,MAILER & POSTAGE,2020-10-22 00:00:00,2020
LCV VICTORY FUND,S,"PETERS, GARY",DEM,160854.75,MAILER & POSTAGE,2020-10-19 00:00:00,2020
LCV VICTORY FUND,S,"BIDEN, JOSEPH R JR",DEM,45578.0,TV AD BUY,2020-10-02 00:00:00,2020
LCV VICTORY FUND,O,"TRUMP, DONALD J",REP,800.0,CONSULTING - ONLINE MESSAGING,2020-09-10 00:00:00,2020
LCV VICTORY FUND,S,"BIDEN, JOSEPH R JR",DEM,8268.75,DIGITAL AD PRODUCTION,2020-11-23 00:00:00,2020
